Timestamp,User Count,Type,Name,Requests/s,Failures/s,50%,66%,75%,80%,90%,95%,98%,99%,99.9%,99.99%,100%,Total Request Count,Total Failure Count,Total Median Response Time,Total Average Response Time,Total Min Response Time,Total Max Response Time,Total Average Content Size
1788456892,0,,Aggregated,0.000000,0.000000,N/A,N/A,N/A,N/A,N/A,N/A,N/A,N/A,N/A,N/A,N/A,0,0,0,0.0,0,0,0
1788456893,0,,Aggregated,0.000000,0.000000,N/A,N/A,N/A,N/A,N/A,N/A,N/A,N/A,N/A,N/A,N/A,0,0,0,0.0,0,0,0
1788456894,64,,Aggregated,0.000000,0.000000,N/A,N/A,N/A,N/A,N/A,N/A,N/A,N/A,N/A,N/A,N/A,0,0,0,0.0,0,0,0
1788456895,64,,Aggregated,0.000000,0.000000,N/A,N/A,N/A,N/A,N/A,N/A,N/A,N/A,N/A,N/A,N/A,0,0,0,0.0,0,0,0
1788456896,64,POST,/predict,0.000000,0.000000,0,0,0,0,0,0,0,0,0,0,0,45,0,1100,1110.1241305111519,306.7936670004201,1966.7455409999093,93.33333333333333
1788456896,64,,Aggregated,0.000000,0.000000,1100,1400,1500,1600,1700,1800,2000,2000,2000,2000,2000,45,0,1100,1110.1241305111519,306.7936670004201,1966.7455409999093,93.33333333333333
1788456897,64,POST,/predict,0.000000,0.000000,1100,1400,1500,1600,1700,1800,2000,2000,2000,2000,2000,45,0,1100,1110.1241305111519,306.7936670004201,1966.7455409999093,93.33333333333333
1788456897,64,,Aggregated,0.000000,0.000000,1100,1400,1500,1600,1700,1800,2000,2000,2000,2000,2000,45,0,1100,1110.1241305111519,306.7936670004201,1966.7455409999093,93.33333333333333
1788456898,64,POST,/predict,16.000000,0.000000,1500,1900,2400,2400,2500,2500,2600,2700,2700,2700,2700,64,0,1400,1486.7115103750593,306.7936670004201,2705.1085000002786,93.390625
1788456898,64,,Aggregated,16.000000,0.000000,1500,1800,2400,2400,2400,2500,2600,2700,2700,2700,2700,64,0,1400,1486.7115103750593,306.7936670004201,2705.1085000002786,93.390625
1788456899,64,POST,/predict,19.666667,0.000000,2400,2400,2400,2400,2500,2600,2700,2700,2700,2700,2700,120,0,2400,1909.4867339999914,306.7936670004201,2705.1085000002786,93.40833333333333
1788456899,64,,Aggregated,19.666667,0.000000,2400,2400,2400,2400,2500,2600,2700,2700,2700,2700,2700,120,0,2400,1909.4867339999914,306.7936670004201,2705.1085000002786,93.40833333333333
1788456900,64,POST,/predict,19.666667,0.000000,2400,2400,2400,2400,2500,2600,2700,2700,2700,2700,2700,120,0,2400,1909.4867339999914,306.7936670004201,2705.1085000002786,93.40833333333333
1788456900,64,,Aggregated,19.666667,0.000000,2400,2400,2400,2400,2500,2600,2700,2700,2700,2700,2700,120,0,2400,1909.4867339999914,306.7936670004201,2705.1085000002786,93.40833333333333
1788456901,64,POST,/predict,20.333333,0.000000,2400,2400,2500,2500,2600,2600,2700,2700,2800,2800,2800,138,0,2400,2001.9490857318845,306.7936670004201,2762.0706659999996,93.34057971014492
1788456901,64,,Aggregated,20.333333,0.000000,2400,2400,2400,2500,2600,2600,2700,2700,2800,2800,2800,138,0,2400,2001.9490857318845,306.7936670004201,2762.0706659999996,93.34057971014492
1788456902,64,POST,/predict,22.500000,0.000000,2400,2600,2600,2600,2700,2700,2800,2800,2800,2800,2800,198,0,2400,2184.0965117474784,306.7936670004201,2762.0706659999996,93.36868686868686
1788456902,64,,Aggregated,22.500000,0.000000,2400,2600,2600,2600,2700,2700,2800,2800,2800,2800,2800,198,0,2400,2184.0965117474784,306.7936670004201,2762.0706659999996,93.36868686868686
1788456903,64,POST,/predict,22.500000,0.000000,2400,2600,2600,2600,2700,2700,2800,2800,2800,2800,2800,198,0,2400,2184.0965117474784,306.7936670004201,2762.0706659999996,93.36868686868686
1788456903,64,,Aggregated,22.500000,0.000000,2400,2600,2600,2600,2700,2700,2800,2800,2800,2800,2800,198,0,2400,2184.0965117474784,306.7936670004201,2762.0706659999996,93.36868686868686
1788456904,64,POST,/predict,22.222222,0.000000,2500,2600,2600,2600,2700,2800,2900,2900,2900,2900,2900,214,0,2400,2231.8292818878485,306.7936670004201,2946.7772909993073,93.36915887850468
1788456904,64,,Aggregated,22.222222,0.000000,2400,2600,2600,2600,2700,2800,2900,2900,2900,2900,2900,214,0,2400,2231.8292818878485,306.7936670004201,2946.7772909993073,93.36915887850468
1788456905,64,POST,/predict,23.000000,0.000000,2600,2600,2700,2800,2900,2900,2900,2900,3000,3000,3000,267,0,2600,2345.308205183514,306.7936670004201,2951.4492500002234,93.34831460674157
1788456905,64,,Aggregated,23.000000,0.000000,2600,2600,2700,2800,2900,2900,2900,2900,3000,3000,3000,267,0,2600,2345.308205183514,306.7936670004201,2951.4492500002234,93.34831460674157
1788456906,64,POST,/predict,23.000000,0.000000,2600,2600,2700,2800,2900,2900,2900,2900,3000,3000,3000,267,0,2600,2345.308205183514,306.7936670004201,2951.4492500002234,93.34831460674157
1788456906,64,,Aggregated,23.000000,0.000000,2600,2600,2700,2800,2900,2900,2900,2900,3000,3000,3000,267,0,2600,2345.308205183514,306.7936670004201,2951.4492500002234,93.34831460674157
1788456907,64,POST,/predict,23.800000,0.000000,2600,2700,2800,2800,2900,2900,2900,2900,3000,3000,3000,288,0,2500,2353.152331722214,306.7936670004201,2951.4492500002234,93.35763888888889
1788456907,64,,Aggregated,23.800000,0.000000,2600,2700,2800,2800,2900,2900,2900,2900,3000,3000,3000,288,0,2500,2353.152331722214,306.7936670004201,2951.4492500002234,93.35763888888889
1788456908,64,POST,/predict,24.600000,0.000000,2600,2600,2700,2800,2900,2900,2900,2900,3000,3000,3000,345,0,2500,2365.419882095652,306.7936670004201,2951.4492500002234,93.36811594202898
1788456908,64,,Aggregated,24.600000,0.000000,2600,2600,2700,2800,2900,2900,2900,2900,3000,3000,3000,345,0,2500,2365.419882095652,306.7936670004201,2951.4492500002234,93.36811594202898
1788456909,64,POST,/predict,24.600000,0.000000,2600,2600,2700,2800,2900,2900,2900,2900,3000,3000,3000,345,0,2500,2365.419882095652,306.7936670004201,2951.4492500002234,93.36811594202898
1788456909,64,,Aggregated,24.600000,0.000000,2600,2600,2700,2800,2900,2900,2900,2900,3000,3000,3000,345,0,2500,2365.419882095652,306.7936670004201,2951.4492500002234,93.36811594202898
1788456910,64,POST,/predict,23.500000,0.000000,2600,2700,2800,2800,2900,2900,2900,2900,3000,3000,3000,365,0,2400,2365.9966017972574,306.7936670004201,2951.4492500002234,93.36164383561643
1788456910,64,,Aggregated,23.500000,0.000000,2600,2700,2800,2800,2900,2900,2900,2900,3000,3000,3000,365,0,2400,2365.9966017972574,306.7936670004201,2951.4492500002234,93.36164383561643
1788456911,64,POST,/predict,24.700000,0.000000,2400,2600,2700,2800,2900,2900,2900,2900,3000,3000,3000,427,0,2400,2366.4100587213115,306.7936670004201,2951.4492500002234,93.35597189695551
1788456911,64,,Aggregated,24.700000,0.000000,2400,2600,2700,2800,2900,2900,2900,2900,3000,3000,3000,427,0,2400,2366.4100587213115,306.7936670004201,2951.4492500002234,93.35597189695551
1788456912,64,POST,/predict,24.700000,0.000000,2400,2600,2700,2800,2900,2900,2900,2900,3000,3000,3000,427,0,2400,2366.4100587213115,306.7936670004201,2951.4492500002234,93.35597189695551
1788456912,64,,Aggregated,24.700000,0.000000,2400,2600,2700,2800,2900,2900,2900,2900,3000,3000,3000,427,0,2400,2366.4100587213115,306.7936670004201,2951.4492500002234,93.35597189695551
1788456913,64,POST,/predict,24.700000,0.000000,2400,2400,2600,2700,2800,2900,2900,2900,3300,3300,3300,442,0,2400,2366.961059088236,306.7936670004201,3310.55033299981,93.35746606334841
1788456913,64,,Aggregated,24.700000,0.000000,2400,2400,2600,2700,2800,2900,2900,2900,3300,3300,3300,442,0,2400,2366.961059088236,306.7936670004201,3310.55033299981,93.35746606334841
1788456914,64,POST,/predict,26.000000,0.000000,2400,2400,2600,2700,2900,2900,3300,3300,3300,3300,3300,485,0,2400,2375.4301450886605,306.7936670004201,3324.1470829998434,93.36288659793814
1788456914,64,,Aggregated,26.000000,0.000000,2400,2400,2600,2700,2900,2900,3300,3300,3300,3300,3300,485,0,2400,2375.4301450886605,306.7936670004201,3324.1470829998434,93.36288659793814
1788456915,64,POST,/predict,26.000000,0.000000,2400,2400,2600,2700,2900,2900,3300,3300,3300,3300,3300,485,0,2400,2375.4301450886605,306.7936670004201,3324.1470829998434,93.36288659793814
1788456915,64,,Aggregated,26.000000,0.000000,2400,2400,2600,2700,2900,2900,3300,3300,3300,3300,3300,485,0,2400,2375.4301450886605,306.7936670004201,3324.1470829998434,93.36288659793814
1788456916,64,POST,/predict,23.100000,0.000000,2400,2400,2400,2400,2700,3300,4500,4800,4800,4800,4800,494,0,2400,2413.07028692915,306.7936670004201,4829.710291999618,93.36032388663968
1788456916,64,,Aggregated,23.100000,0.000000,2400,2400,2400,2400,2700,3300,4500,4800,4800,4800,4800,494,0,2400,2413.07028692915,306.7936670004201,4829.710291999618,93.36032388663968
1788456917,64,POST,/predict,23.400000,0.000000,2400,2400,2600,3200,4700,4800,4800,4800,4800,4800,4800,526,0,2400,2546.2018692794686,306.7936670004201,4840.6565830000545,93.32509505703422
1788456917,64,,Aggregated,23.400000,0.000000,2400,2400,2600,3200,4700,4800,4800,4800,4800,4800,4800,526,0,2400,2546.2018692794686,306.7936670004201,4840.6565830000545,93.32509505703422
1788456918,64,POST,/predict,23.400000,0.000000,2400,2400,2600,3200,4700,4800,4800,4800,4800,4800,4800,526,0,2400,2546.2018692794686,306.7936670004201,4840.6565830000545,93.32509505703422
1788456918,64,,Aggregated,23.400000,0.000000,2400,2400,2600,3200,4700,4800,4800,4800,4800,4800,4800,526,0,2400,2546.2018692794686,306.7936670004201,4840.6565830000545,93.32509505703422
1788456919,64,POST,/predict,19.600000,0.000000,2400,3300,4300,4600,4800,4800,4800,5100,5100,5100,5100,539,0,2400,2593.360880011134,306.7936670004201,5084.644625000692,93.3191094619666
1788456919,64,,Aggregated,19.600000,0.000000,2400,3300,4300,4600,4800,4800,4800,5100,5100,5100,5100,539,0,2400,2593.360880011134,306.7936670004201,5084.644625000692,93.3191094619666
1788456920,64,POST,/predict,20.200000,0.000000,2400,3800,4600,4800,4800,5100,5100,5200,5300,5300,5300,574,0,2400,2706.5718185087053,306.7936670004201,5262.640457999623,93.30836236933798
1788456920,64,,Aggregated,20.200000,0.000000,2400,3800,4600,4800,4800,5100,5100,5200,5300,5300,5300,574,0,2400,2706.5718185087053,306.7936670004201,5262.640457999623,93.30836236933798
1788456921,64,POST,/predict,20.200000,0.000000,2400,3800,4600,4800,4800,5100,5100,5200,5300,5300,5300,574,0,2400,2706.5718185087053,306.7936670004201,5262.640457999623,93.30836236933798
1788456921,64,,Aggregated,20.200000,0.000000,2400,3800,4600,4800,4800,5100,5100,5200,5300,5300,5300,574,0,2400,2706.5718185087053,306.7936670004201,5262.640457999623,93.30836236933798
1788456922,64,POST,/predict,16.000000,0.000000,3800,4600,4800,4800,4900,5100,5200,5200,5300,5300,5300,594,0,2400,2711.338367129628,306.7936670004201,5262.640457999623,93.31481481481481
1788456922,64,,Aggregated,16.000000,0.000000,3800,4600,4800,4800,4900,5100,5200,5200,5300,5300,5300,594,0,2400,2711.338367129628,306.7936670004201,5262.640457999623,93.31481481481481
1788456923,64,POST,/predict,17.100000,0.000000,3600,3800,4600,4800,4800,5100,5100,5200,5300,5300,5300,658,0,2400,2707.5364947917865,306.7936670004201,5262.640457999623,93.32674772036474
1788456923,64,,Aggregated,17.100000,0.000000,3600,3800,4600,4800,4800,5100,5100,5200,5300,5300,5300,658,0,2400,2707.5364947917865,306.7936670004201,5262.640457999623,93.32674772036474
1788456924,64,POST,/predict,17.100000,0.000000,3600,3800,4600,4800,4800,5100,5100,5200,5300,5300,5300,658,0,2400,2707.5364947917865,306.7936670004201,5262.640457999623,93.32674772036474
1788456924,64,,Aggregated,17.100000,0.000000,3600,3800,4600,4800,4800,5100,5100,5200,5300,5300,5300,658,0,2400,2707.5364947917865,306.7936670004201,5262.640457999623,93.32674772036474
1788456925,64,POST,/predict,18.600000,0.000000,3700,3800,4600,4800,4800,5100,5200,5200,5300,5300,5300,679,0,2400,2696.812608170836,306.7936670004201,5262.640457999623,93.3298969072165
1788456925,64,,Aggregated,18.600000,0.000000,3700,3800,4600,4800,4800,5100,5200,5200,5300,5300,5300,679,0,2400,2696.812608170836,306.7936670004201,5262.640457999623,93.3298969072165
1788456926,64,POST,/predict,19.600000,0.000000,2500,3700,4000,4600,4800,5100,5100,5200,5300,5300,5300,731,0,2400,2673.0184554131342,306.7936670004201,5262.640457999623,93.33515731874145
1788456926,64,,Aggregated,19.600000,0.000000,2500,3700,4000,4600,4800,5100,5100,5200,5300,5300,5300,731,0,2400,2673.0184554131342,306.7936670004201,5262.640457999623,93.33515731874145
1788456927,64,POST,/predict,19.600000,0.000000,2500,3700,4000,4600,4800,5100,5100,5200,5300,5300,5300,731,0,2400,2673.0184554131342,306.7936670004201,5262.640457999623,93.33515731874145
1788456927,64,,Aggregated,19.600000,0.000000,2500,3700,4000,4600,4800,5100,5100,5200,5300,5300,5300,731,0,2400,2673.0184554131342,306.7936670004201,5262.640457999623,93.33515731874145
1788456928,64,POST,/predict,21.600000,0.000000,2400,3300,3700,3700,4200,5100,5100,5200,5300,5300,5300,740,0,2400,2684.0658395716237,306.7936670004201,5262.640457999623,93.33378378378379
1788456928,64,,Aggregated,21.600000,0.000000,2400,3300,3700,3700,4200,5100,5100,5200,5300,5300,5300,740,0,2400,2684.0658395716237,306.7936670004201,5262.640457999623,93.33378378378379
1788456929,64,POST,/predict,22.000000,0.000000,2500,3600,3700,3800,4300,4900,5100,5200,5300,5300,5300,773,0,2400,2728.5822461060843,306.7936670004201,5262.640457999623,93.32729624838292
1788456929,64,,Aggregated,22.000000,0.000000,2500,3600,3700,3800,4300,4900,5100,5200,5300,5300,5300,773,0,2400,2728.5822461060843,306.7936670004201,5262.640457999623,93.32729624838292
1788456930,64,POST,/predict,22.000000,0.000000,2500,3600,3700,3800,4300,4900,5100,5200,5300,5300,5300,773,0,2400,2728.5822461060843,306.7936670004201,5262.640457999623,93.32729624838292
1788456930,64,,Aggregated,22.000000,0.000000,2500,3600,3700,3800,4300,4900,5100,5200,5300,5300,5300,773,0,2400,2728.5822461060843,306.7936670004201,5262.640457999623,93.32729624838292
1788456931,64,POST,/predict,21.600000,0.000000,2400,3100,3300,3600,4100,4200,4300,4300,4300,4300,4300,796,0,2400,2735.2635748919633,306.7936670004201,5262.640457999623,93.321608040201
1788456931,64,,Aggregated,21.600000,0.000000,2400,3100,3300,3600,4100,4200,4300,4300,4300,4300,4300,796,0,2400,2735.2635748919633,306.7936670004201,5262.640457999623,93.321608040201
1788456932,64,POST,/predict,22.600000,0.000000,2400,3100,3300,3700,4100,4200,4300,4300,4300,4300,4300,864,0,2400,2740.6936966076387,306.7936670004201,5262.640457999623,93.32986111111111
1788456932,64,,Aggregated,22.600000,0.000000,2400,3100,3300,3700,4100,4200,4300,4300,4300,4300,4300,864,0,2400,2740.6936966076387,306.7936670004201,5262.640457999623,93.32986111111111
1788456933,64,POST,/predict,22.600000,0.000000,2400,3100,3300,3700,4100,4200,4300,4300,4300,4300,4300,864,0,2400,2740.6936966076387,306.7936670004201,5262.640457999623,93.32986111111111
1788456933,64,,Aggregated,22.600000,0.000000,2400,3100,3300,3700,4100,4200,4300,4300,4300,4300,4300,864,0,2400,2740.6936966076387,306.7936670004201,5262.640457999623,93.32986111111111
1788456934,64,POST,/predict,22.100000,0.000000,2400,3200,3300,3900,4200,4200,4300,4300,4300,4300,4300,886,0,2400,2729.6358137167053,306.7936670004201,5262.640457999623,93.3295711060948
1788456934,64,,Aggregated,22.100000,0.000000,2400,3200,3300,3900,4200,4200,4300,4300,4300,4300,4300,886,0,2400,2729.6358137167053,306.7936670004201,5262.640457999623,93.3295711060948
1788456935,64,POST,/predict,22.900000,0.000000,2400,2500,3200,3300,4100,4200,4300,4300,4300,4300,4300,947,0,2400,2702.113197241817,306.7936670004201,5262.640457999623,93.33262935586062
1788456935,64,,Aggregated,22.900000,0.000000,2400,2500,3200,3300,4100,4200,4300,4300,4300,4300,4300,947,0,2400,2702.113197241817,306.7936670004201,5262.640457999623,93.33262935586062
1788456936,64,POST,/predict,22.900000,0.000000,2400,2500,3200,3300,4100,4200,4300,4300,4300,4300,4300,947,0,2400,2702.113197241817,306.7936670004201,5262.640457999623,93.33262935586062
1788456936,64,,Aggregated,22.900000,0.000000,2400,2500,3200,3300,4100,4200,4300,4300,4300,4300,4300,947,0,2400,2702.113197241817,306.7936670004201,5262.640457999623,93.33262935586062
1788456937,64,POST,/predict,22.500000,0.000000,2300,2500,3200,3300,4100,4200,4300,4300,4300,4300,4300,966,0,2400,2692.0611226687356,306.7936670004201,5262.640457999623,93.32919254658385
1788456937,64,,Aggregated,22.500000,0.000000,2300,2500,3200,3300,4100,4200,4300,4300,4300,4300,4300,966,0,2400,2692.0611226687356,306.7936670004201,5262.640457999623,93.32919254658385
1788456938,64,POST,/predict,23.500000,0.000000,2200,2400,3000,3200,4000,4200,4300,4300,4300,4300,4300,1034,0,2400,2658.1657354119916,306.7936670004201,5262.640457999623,93.32882011605416
1788456938,64,,Aggregated,23.500000,0.000000,2200,2400,3000,3200,4000,4200,4300,4300,4300,4300,4300,1034,0,2400,2658.1657354119916,306.7936670004201,5262.640457999623,93.32882011605416
1788456939,64,POST,/predict,23.500000,0.000000,2200,2400,3000,3200,4000,4200,4300,4300,4300,4300,4300,1034,0,2400,2658.1657354119916,306.7936670004201,5262.640457999623,93.32882011605416
1788456939,64,,Aggregated,23.500000,0.000000,2200,2400,3000,3200,4000,4200,4300,4300,4300,4300,4300,1034,0,2400,2658.1657354119916,306.7936670004201,5262.640457999623,93.32882011605416
1788456940,64,POST,/predict,28.000000,0.000000,2200,2300,2400,2400,3100,4000,4100,4100,4300,4300,4300,1058,0,2400,2645.7523138364827,306.7936670004201,5262.640457999623,93.33175803402646
1788456940,64,,Aggregated,28.000000,0.000000,2200,2300,2400,2400,3100,4000,4100,4100,4300,4300,4300,1058,0,2400,2645.7523138364827,306.7936670004201,5262.640457999623,93.33175803402646
1788456941,64,POST,/predict,28.900000,0.000000,2200,2200,2300,2300,2400,3400,4100,4100,4300,4300,4300,1128,0,2400,2612.4511402570906,306.7936670004201,5262.640457999623,93.33865248226951
1788456941,64,,Aggregated,28.900000,0.000000,2200,2200,2300,2300,2400,3400,4100,4100,4300,4300,4300,1128,0,2400,2612.4511402570906,306.7936670004201,5262.640457999623,93.33865248226951
1788456942,64,POST,/predict,28.900000,0.000000,2200,2200,2300,2300,2400,3400,4100,4100,4300,4300,4300,1128,0,2400,2612.4511402570906,306.7936670004201,5262.640457999623,93.33865248226951
1788456942,64,,Aggregated,28.900000,0.000000,2200,2200,2300,2300,2400,3400,4100,4100,4300,4300,4300,1128,0,2400,2612.4511402570906,306.7936670004201,5262.640457999623,93.33865248226951
1788456943,64,POST,/predict,28.400000,0.000000,2200,2200,2200,2300,2400,2400,2700,2900,3000,3000,3000,1144,0,2400,2609.7597068767473,306.7936670004201,5262.640457999623,93.34265734265735
1788456943,64,,Aggregated,28.400000,0.000000,2200,2200,2200,2300,2400,2400,2700,2900,3000,3000,3000,1144,0,2400,2609.7597068767473,306.7936670004201,5262.640457999623,93.34265734265735
1788456944,64,POST,/predict,29.300000,0.000000,2200,2200,2300,2300,2400,2900,3000,3000,3000,3000,3000,1193,0,2400,2605.2722842271605,306.7936670004201,5262.640457999623,93.35456831517183
1788456944,64,,Aggregated,29.300000,0.000000,2200,2200,2300,2300,2400,2900,3000,3000,3000,3000,3000,1193,0,2400,2605.2722842271605,306.7936670004201,5262.640457999623,93.35456831517183
1788456945,64,POST,/predict,29.300000,0.000000,2200,2200,2300,2300,2400,2900,3000,3000,3000,3000,3000,1193,0,2400,2605.2722842271605,306.7936670004201,5262.640457999623,93.35456831517183
1788456945,64,,Aggregated,29.300000,0.000000,2200,2200,2300,2300,2400,2900,3000,3000,3000,3000,3000,1193,0,2400,2605.2722842271605,306.7936670004201,5262.640457999623,93.35456831517183
1788456946,64,POST,/predict,26.700000,0.000000,2200,2200,2200,2300,2900,3000,3000,3000,3000,3000,3000,1217,0,2400,2600.509864830735,306.7936670004201,5262.640457999623,93.35414954806902
1788456946,64,,Aggregated,26.700000,0.000000,2200,2200,2200,2300,2900,3000,3000,3000,3000,3000,3000,1217,0,2400,2600.509864830735,306.7936670004201,5262.640457999623,93.35414954806902
1788456947,64,POST,/predict,27.700000,0.000000,2200,2200,2300,2400,2900,2900,3000,3000,3000,3000,3000,1291,0,2400,2582.827462529823,306.7936670004201,5262.640457999623,93.36328427575523
1788456947,64,,Aggregated,27.700000,0.000000,2200,2200,2300,2400,2900,2900,3000,3000,3000,3000,3000,1291,0,2400,2582.827462529823,306.7936670004201,5262.640457999623,93.36328427575523
1788456948,64,POST,/predict,27.700000,0.000000,2200,2200,2300,2400,2900,2900,3000,3000,3000,3000,3000,1291,0,2400,2582.827462529823,306.7936670004201,5262.640457999623,93.36328427575523
1788456948,64,,Aggregated,27.700000,0.000000,2200,2200,2300,2400,2900,2900,3000,3000,3000,3000,3000,1291,0,2400,2582.827462529823,306.7936670004201,5262.640457999623,93.36328427575523
1788456949,64,POST,/predict,27.600000,0.000000,2100,2200,2400,2600,2900,3000,3000,3000,3000,3000,3000,1315,0,2400,2572.926355101141,306.7936670004201,5262.640457999623,93.36653992395438
1788456949,64,,Aggregated,27.600000,0.000000,2100,2200,2400,2600,2900,3000,3000,3000,3000,3000,3000,1315,0,2400,2572.926355101141,306.7936670004201,5262.640457999623,93.36653992395438
1788456950,64,POST,/predict,28.400000,0.000000,2100,2200,2300,2400,2900,2900,3000,3000,3000,3000,3000,1382,0,2300,2547.685681107093,306.7936670004201,5262.640457999623,93.37337192474675
1788456950,64,,Aggregated,28.400000,0.000000,2100,2200,2300,2400,2900,2900,3000,3000,3000,3000,3000,1382,0,2300,2547.685681107093,306.7936670004201,5262.640457999623,93.37337192474675
1788456951,64,POST,/predict,28.400000,0.000000,2100,2200,2300,2400,2900,2900,3000,3000,3000,3000,3000,1382,0,2300,2547.685681107093,306.7936670004201,5262.640457999623,93.37337192474675
1788456951,64,,Aggregated,28.400000,0.000000,2100,2200,2300,2400,2900,2900,3000,3000,3000,3000,3000,1382,0,2300,2547.685681107093,306.7936670004201,5262.640457999623,93.37337192474675
1788456952,64,POST,/predict,27.500000,0.000000,2100,2100,2300,2600,2900,2900,3000,3000,3000,3000,3000,1404,0,2300,2539.7307918440215,306.7936670004201,5262.640457999623,93.37393162393163
1788456952,64,,Aggregated,27.500000,0.000000,2100,2100,2300,2600,2900,2900,3000,3000,3000,3000,3000,1404,0,2300,2539.7307918440215,306.7936670004201,5262.640457999623,93.37393162393163
1788456953,64,POST,/predict,28.500000,0.000000,2100,2100,2100,2300,2900,2900,3000,3000,3000,3000,3000,1467,0,2300,2518.2610372058675,306.7936670004201,5262.640457999623,93.37968643490116
1788456953,64,,Aggregated,28.500000,0.000000,2100,2100,2100,2300,2900,2900,3000,3000,3000,3000,3000,1467,0,2300,2518.2610372058675,306.7936670004201,5262.640457999623,93.37968643490116
1788456954,64,POST,/predict,28.500000,0.000000,2100,2100,2100,2300,2900,2900,3000,3000,3000,3000,3000,1467,0,2300,2518.2610372058675,306.7936670004201,5262.640457999623,93.37968643490116
1788456954,64,,Aggregated,28.500000,0.000000,2100,2100,2100,2300,2900,2900,3000,3000,3000,3000,3000,1467,0,2300,2518.2610372058675,306.7936670004201,5262.640457999623,93.37968643490116
1788456955,64,POST,/predict,29.000000,0.000000,2000,2100,2100,2100,2600,2700,2900,2900,2900,2900,2900,1488,0,2300,2517.157010750679,306.7936670004201,5262.640457999623,93.38037634408602
1788456955,64,,Aggregated,29.000000,0.000000,2000,2100,2100,2100,2600,2700,2900,2900,2900,2900,2900,1488,0,2300,2517.157010750679,306.7936670004201,5262.640457999623,93.38037634408602
1788456956,64,POST,/predict,29.700000,0.000000,2100,2100,2500,2600,2600,2600,2900,2900,2900,2900,2900,1556,0,2300,2512.1086226401103,306.7936670004201,5262.640457999623,93.3849614395887
1788456956,64,,Aggregated,29.700000,0.000000,2100,2100,2500,2600,2600,2600,2900,2900,2900,2900,2900,1556,0,2300,2512.1086226401103,306.7936670004201,5262.640457999623,93.3849614395887
1788456957,64,POST,/predict,29.700000,0.000000,2100,2100,2500,2600,2600,2600,2900,2900,2900,2900,2900,1556,0,2300,2512.1086226401103,306.7936670004201,5262.640457999623,93.3849614395887
1788456957,64,,Aggregated,29.700000,0.000000,2100,2100,2500,2600,2600,2600,2900,2900,2900,2900,2900,1556,0,2300,2512.1086226401103,306.7936670004201,5262.640457999623,93.3849614395887
1788456958,64,POST,/predict,29.800000,0.000000,2000,2100,2100,2100,2600,2600,2600,2600,2600,2600,2600,1648,0,2300,2484.1266251960055,306.7936670004201,5262.640457999623,93.39138349514563
1788456958,64,,Aggregated,29.800000,0.000000,2000,2100,2100,2100,2600,2600,2600,2600,2600,2600,2600,1648,0,2300,2484.1266251960055,306.7936670004201,5262.640457999623,93.39138349514563
1788456959,64,POST,/predict,29.800000,0.000000,2000,2100,2100,2100,2600,2600,2600,2600,2600,2600,2600,1648,0,2300,2484.1266251960055,306.7936670004201,5262.640457999623,93.39138349514563
1788456959,64,,Aggregated,29.800000,0.000000,2000,2100,2100,2100,2600,2600,2600,2600,2600,2600,2600,1648,0,2300,2484.1266251960055,306.7936670004201,5262.640457999623,93.39138349514563
1788456960,64,POST,/predict,29.800000,0.000000,2000,2100,2100,2100,2600,2600,2600,2600,2600,2600,2600,1648,0,2300,2484.1266251960055,306.7936670004201,5262.640457999623,93.39138349514563
1788456960,64,,Aggregated,29.800000,0.000000,2000,2100,2100,2100,2600,2600,2600,2600,2600,2600,2600,1648,0,2300,2484.1266251960055,306.7936670004201,5262.640457999623,93.39138349514563
1788456961,64,POST,/predict,29.600000,0.000000,2100,2200,2400,2500,2600,2600,2600,2600,2600,2600,2600,1723,0,2300,2475.1481103923506,306.7936670004201,5262.640457999623,93.38769587928033
1788456961,64,,Aggregated,29.600000,0.000000,2100,2200,2400,2500,2600,2600,2600,2600,2600,2600,2600,1723,0,2300,2475.1481103923506,306.7936670004201,5262.640457999623,93.38769587928033
1788456962,64,POST,/predict,29.600000,0.000000,2100,2200,2400,2500,2600,2600,2600,2600,2600,2600,2600,1723,0,2300,2475.1481103923506,306.7936670004201,5262.640457999623,93.38769587928033
1788456962,64,,Aggregated,29.600000,0.000000,2100,2200,2400,2500,2600,2600,2600,2600,2600,2600,2600,1723,0,2300,2475.1481103923506,306.7936670004201,5262.640457999623,93.38769587928033
1788456963,64,POST,/predict,29.600000,0.000000,2100,2200,2400,2500,2600,2600,2600,2600,2600,2600,2600,1723,0,2300,2475.1481103923506,306.7936670004201,5262.640457999623,93.38769587928033
1788456963,64,,Aggregated,29.600000,0.000000,2100,2200,2400,2500,2600,2600,2600,2600,2600,2600,2600,1723,0,2300,2475.1481103923506,306.7936670004201,5262.640457999623,93.38769587928033
1788456964,64,POST,/predict,27.000000,0.000000,2300,2600,2600,2800,3000,3100,3100,3100,3100,3100,3100,1791,0,2300,2493.074659825809,306.7936670004201,5262.640457999623,93.38860971524288
1788456964,64,,Aggregated,27.000000,0.000000,2300,2600,2600,2800,3000,3100,3100,3100,3100,3100,3100,1791,0,2300,2493.074659825809,306.7936670004201,5262.640457999623,93.38860971524288
1788456965,64,POST,/predict,27.000000,0.000000,2300,2600,2600,2800,3000,3100,3100,3100,3100,3100,3100,1791,0,2300,2493.074659825809,306.7936670004201,5262.640457999623,93.38860971524288
1788456965,64,,Aggregated,27.000000,0.000000,2300,2600,2600,2800,3000,3100,3100,3100,3100,3100,3100,1791,0,2300,2493.074659825809,306.7936670004201,5262.640457999623,93.38860971524288
1788456966,64,POST,/predict,27.000000,0.000000,2300,2600,2600,2800,3000,3100,3100,3100,3100,3100,3100,1791,0,2300,2493.074659825809,306.7936670004201,5262.640457999623,93.38860971524288
1788456966,64,,Aggregated,27.000000,0.000000,2300,2600,2600,2800,3000,3100,3100,3100,3100,3100,3100,1791,0,2300,2493.074659825809,306.7936670004201,5262.640457999623,93.38860971524288
1788456967,64,POST,/predict,26.500000,0.000000,2300,2400,2700,2800,3000,3100,3100,3100,3100,3100,3100,1875,0,2300,2488.1599616853464,306.7936670004201,5262.640457999623,93.38026666666667
1788456967,64,,Aggregated,26.500000,0.000000,2300,2400,2700,2800,3000,3100,3100,3100,3100,3100,3100,1875,0,2300,2488.1599616853464,306.7936670004201,5262.640457999623,93.38026666666667
1788456968,64,POST,/predict,26.500000,0.000000,2300,2400,2700,2800,3000,3100,3100,3100,3100,3100,3100,1875,0,2300,2488.1599616853464,306.7936670004201,5262.640457999623,93.38026666666667
1788456968,64,,Aggregated,26.500000,0.000000,2300,2400,2700,2800,3000,3100,3100,3100,3100,3100,3100,1875,0,2300,2488.1599616853464,306.7936670004201,5262.640457999623,93.38026666666667
1788456969,64,POST,/predict,26.500000,0.000000,2300,2400,2700,2800,3000,3100,3100,3100,3100,3100,3100,1875,0,2300,2488.1599616853464,306.7936670004201,5262.640457999623,93.38026666666667
1788456969,64,,Aggregated,26.500000,0.000000,2300,2400,2700,2800,3000,3100,3100,3100,3100,3100,3100,1875,0,2300,2488.1599616853464,306.7936670004201,5262.640457999623,93.38026666666667
1788456970,64,POST,/predict,25.200000,0.000000,2400,2500,2700,2800,3000,3100,3100,3100,3100,3100,3100,1955,0,2300,2485.9978378486044,306.7936670004201,5262.640457999623,93.37902813299233
1788456970,64,,Aggregated,25.200000,0.000000,2400,2500,2700,2800,3000,3100,3100,3100,3100,3100,3100,1955,0,2300,2485.9978378486044,306.7936670004201,5262.640457999623,93.37902813299233
1788456971,64,POST,/predict,25.200000,0.000000,2400,2500,2700,2800,3000,3100,3100,3100,3100,3100,3100,1955,0,2300,2485.9978378486044,306.7936670004201,5262.640457999623,93.37902813299233
1788456971,64,,Aggregated,25.200000,0.000000,2400,2500,2700,2800,3000,3100,3100,3100,3100,3100,3100,1955,0,2300,2485.9978378486044,306.7936670004201,5262.640457999623,93.37902813299233
1788456972,64,POST,/predict,25.200000,0.000000,2400,2500,2700,2800,3000,3100,3100,3100,3100,3100,3100,1955,0,2300,2485.9978378486044,306.7936670004201,5262.640457999623,93.37902813299233
1788456972,64,,Aggregated,25.200000,0.000000,2400,2500,2700,2800,3000,3100,3100,3100,3100,3100,3100,1955,0,2300,2485.9978378486044,306.7936670004201,5262.640457999623,93.37902813299233
1788456973,64,POST,/predict,25.500000,0.000000,2500,2500,2700,2900,3100,3300,3400,3400,3400,3400,3400,2007,0,2300,2489.442356105141,306.7936670004201,5262.640457999623,93.38216243148979
1788456973,64,,Aggregated,25.500000,0.000000,2500,2500,2700,2900,3100,3300,3400,3400,3400,3400,3400,2007,0,2300,2489.442356105141,306.7936670004201,5262.640457999623,93.38216243148979
1788456974,64,POST,/predict,25.500000,0.000000,2500,2500,2700,2900,3100,3300,3400,3400,3400,3400,3400,2007,0,2300,2489.442356105141,306.7936670004201,5262.640457999623,93.38216243148979
1788456974,64,,Aggregated,25.500000,0.000000,2500,2500,2700,2900,3100,3300,3400,3400,3400,3400,3400,2007,0,2300,2489.442356105141,306.7936670004201,5262.640457999623,93.38216243148979
1788456975,64,POST,/predict,25.500000,0.000000,2500,2500,2700,2900,3100,3300,3400,3400,3400,3400,3400,2007,0,2300,2489.442356105141,306.7936670004201,5262.640457999623,93.38216243148979
1788456975,64,,Aggregated,25.500000,0.000000,2500,2500,2700,2900,3100,3300,3400,3400,3400,3400,3400,2007,0,2300,2489.442356105141,306.7936670004201,5262.640457999623,93.38216243148979
1788456976,64,POST,/predict,24.400000,0.000000,2400,2500,2700,3300,3400,3400,3500,3500,3500,3500,3500,2096,0,2300,2503.696072657927,306.7936670004201,5262.640457999623,93.38263358778626
1788456976,64,,Aggregated,24.400000,0.000000,2400,2500,2700,3300,3400,3400,3500,3500,3500,3500,3500,2096,0,2300,2503.696072657927,306.7936670004201,5262.640457999623,93.38263358778626
1788456977,64,POST,/predict,24.400000,0.000000,2400,2500,2700,3300,3400,3400,3500,3500,3500,3500,3500,2096,0,2300,2503.696072657927,306.7936670004201,5262.640457999623,93.38263358778626
1788456977,64,,Aggregated,24.400000,0.000000,2400,2500,2700,3300,3400,3400,3500,3500,3500,3500,3500,2096,0,2300,2503.696072657927,306.7936670004201,5262.640457999623,93.38263358778626
1788456978,64,POST,/predict,24.400000,0.000000,2400,2500,2700,3300,3400,3400,3500,3500,3500,3500,3500,2096,0,2300,2503.696072657927,306.7936670004201,5262.640457999623,93.38263358778626
1788456978,64,,Aggregated,24.400000,0.000000,2400,2500,2700,3300,3400,3400,3500,3500,3500,3500,3500,2096,0,2300,2503.696072657927,306.7936670004201,5262.640457999623,93.38263358778626
1788456979,64,POST,/predict,25.000000,0.000000,2300,2500,2500,3300,3400,3400,3500,3500,3500,3500,3500,2179,0,2300,2493.8650046452576,306.7936670004201,5262.640457999623,93.38320330426801
1788456979,64,,Aggregated,25.000000,0.000000,2300,2500,2500,3300,3400,3400,3500,3500,3500,3500,3500,2179,0,2300,2493.8650046452576,306.7936670004201,5262.640457999623,93.38320330426801
1788456980,64,POST,/predict,25.000000,0.000000,2300,2500,2500,3300,3400,3400,3500,3500,3500,3500,3500,2179,0,2300,2493.8650046452576,306.7936670004201,5262.640457999623,93.38320330426801
1788456980,64,,Aggregated,25.000000,0.000000,2300,2500,2500,3300,3400,3400,3500,3500,3500,3500,3500,2179,0,2300,2493.8650046452576,306.7936670004201,5262.640457999623,93.38320330426801
1788456981,64,POST,/predict,25.000000,0.000000,2300,2500,2500,3300,3400,3400,3500,3500,3500,3500,3500,2179,0,2300,2493.8650046452576,306.7936670004201,5262.640457999623,93.38320330426801
1788456981,64,,Aggregated,25.000000,0.000000,2300,2500,2500,3300,3400,3400,3500,3500,3500,3500,3500,2179,0,2300,2493.8650046452576,306.7936670004201,5262.640457999623,93.38320330426801
1788456982,64,POST,/predict,25.000000,0.000000,2300,2300,2400,3100,3400,3400,3500,3500,3500,3500,3500,2257,0,2300,2488.3686531121048,306.7936670004201,5262.640457999623,93.38812583074878
1788456982,64,,Aggregated,25.000000,0.000000,2300,2300,2400,3100,3400,3400,3500,3500,3500,3500,3500,2257,0,2300,2488.3686531121048,306.7936670004201,5262.640457999623,93.38812583074878
1788456983,64,POST,/predict,25.000000,0.000000,2300,2300,2400,3100,3400,3400,3500,3500,3500,3500,3500,2257,0,2300,2488.3686531121048,306.7936670004201,5262.640457999623,93.38812583074878
1788456983,64,,Aggregated,25.000000,0.000000,2300,2300,2400,3100,3400,3400,3500,3500,3500,3500,3500,2257,0,2300,2488.3686531121048,306.7936670004201,5262.640457999623,93.38812583074878
1788456984,64,POST,/predict,25.000000,0.000000,2300,2300,2400,3100,3400,3400,3500,3500,3500,3500,3500,2257,0,2300,2488.3686531121048,306.7936670004201,5262.640457999623,93.38812583074878
1788456984,64,,Aggregated,25.000000,0.000000,2300,2300,2400,3100,3400,3400,3500,3500,3500,3500,3500,2257,0,2300,2488.3686531121048,306.7936670004201,5262.640457999623,93.38812583074878
1788456985,64,POST,/predict,27.200000,0.000000,2300,2500,2700,3000,3400,3400,3400,3500,3500,3500,3500,2314,0,2300,2499.2439983379522,306.7936670004201,5262.640457999623,93.38720829732065
1788456985,64,,Aggregated,27.200000,0.000000,2300,2500,2700,3000,3400,3400,3400,3500,3500,3500,3500,2314,0,2300,2499.2439983379522,306.7936670004201,5262.640457999623,93.38720829732065
1788456986,64,POST,/predict,27.200000,0.000000,2300,2500,2700,3000,3400,3400,3400,3500,3500,3500,3500,2314,0,2300,2499.2439983379522,306.7936670004201,5262.640457999623,93.38720829732065
1788456986,64,,Aggregated,27.200000,0.000000,2300,2500,2700,3000,3400,3400,3400,3500,3500,3500,3500,2314,0,2300,2499.2439983379522,306.7936670004201,5262.640457999623,93.38720829732065
1788456987,64,POST,/predict,27.200000,0.000000,2300,2500,2700,3000,3400,3400,3400,3500,3500,3500,3500,2314,0,2300,2499.2439983379522,306.7936670004201,5262.640457999623,93.38720829732065
1788456987,64,,Aggregated,27.200000,0.000000,2300,2500,2700,3000,3400,3400,3400,3500,3500,3500,3500,2314,0,2300,2499.2439983379522,306.7936670004201,5262.640457999623,93.38720829732065
1788456988,64,POST,/predict,24.400000,0.000000,2400,2800,2800,3000,3300,3400,3400,3400,3400,3400,3400,2381,0,2300,2513.816256138608,306.7936670004201,5262.640457999623,93.38429231415371
1788456988,64,,Aggregated,24.400000,0.000000,2400,2800,2800,3000,3300,3400,3400,3400,3400,3400,3400,2381,0,2300,2513.816256138608,306.7936670004201,5262.640457999623,93.38429231415371
1788456989,64,POST,/predict,24.400000,0.000000,2400,2800,2800,3000,3300,3400,3400,3400,3400,3400,3400,2381,0,2300,2513.816256138608,306.7936670004201,5262.640457999623,93.38429231415371
1788456989,64,,Aggregated,24.400000,0.000000,2400,2800,2800,3000,3300,3400,3400,3400,3400,3400,3400,2381,0,2300,2513.816256138608,306.7936670004201,5262.640457999623,93.38429231415371
1788456990,64,POST,/predict,24.400000,0.000000,2400,2800,2800,3000,3300,3400,3400,3400,3400,3400,3400,2381,0,2300,2513.816256138608,306.7936670004201,5262.640457999623,93.38429231415371
1788456990,64,,Aggregated,24.400000,0.000000,2400,2800,2800,3000,3300,3400,3400,3400,3400,3400,3400,2381,0,2300,2513.816256138608,306.7936670004201,5262.640457999623,93.38429231415371
1788456991,64,POST,/predict,23.100000,0.000000,2700,2800,2800,3000,3300,3400,3400,3400,3400,3400,3400,2465,0,2300,2513.024485576887,306.7936670004201,5262.640457999623,93.38215010141988
1788456991,64,,Aggregated,23.100000,0.000000,2700,2800,2800,3000,3300,3400,3400,3400,3400,3400,3400,2465,0,2300,2513.024485576887,306.7936670004201,5262.640457999623,93.38215010141988
1788456992,64,POST,/predict,23.100000,0.000000,2700,2800,2800,3000,3300,3400,3400,3400,3400,3400,3400,2465,0,2300,2513.024485576887,306.7936670004201,5262.640457999623,93.38215010141988
1788456992,64,,Aggregated,23.100000,0.000000,2700,2800,2800,3000,3300,3400,3400,3400,3400,3400,3400,2465,0,2300,2513.024485576887,306.7936670004201,5262.640457999623,93.38215010141988
1788456993,64,POST,/predict,23.100000,0.000000,2700,2800,2800,3000,3300,3400,3400,3400,3400,3400,3400,2465,0,2300,2513.024485576887,306.7936670004201,5262.640457999623,93.38215010141988
1788456993,64,,Aggregated,23.100000,0.000000,2700,2800,2800,3000,3300,3400,3400,3400,3400,3400,3400,2465,0,2300,2513.024485576887,306.7936670004201,5262.640457999623,93.38215010141988
1788456994,64,POST,/predict,23.000000,0.000000,2800,3000,3100,3200,3400,3500,3600,3600,3700,3700,3700,2517,0,2400,2524.764235974187,306.7936670004201,5262.640457999623,93.38379022646008
1788456994,64,,Aggregated,23.000000,0.000000,2800,3000,3100,3200,3400,3500,3600,3600,3700,3700,3700,2517,0,2400,2524.764235974187,306.7936670004201,5262.640457999623,93.38379022646008
1788456995,64,POST,/predict,23.000000,0.000000,2800,3000,3100,3200,3400,3500,3600,3600,3700,3700,3700,2517,0,2400,2524.764235974187,306.7936670004201,5262.640457999623,93.38379022646008
1788456995,64,,Aggregated,23.000000,0.000000,2800,3000,3100,3200,3400,3500,3600,3600,3700,3700,3700,2517,0,2400,2524.764235974187,306.7936670004201,5262.640457999623,93.38379022646008
1788456996,64,POST,/predict,23.000000,0.000000,2800,3000,3100,3200,3400,3500,3600,3600,3700,3700,3700,2517,0,2400,2524.764235974187,306.7936670004201,5262.640457999623,93.38379022646008
1788456996,64,,Aggregated,23.000000,0.000000,2800,3000,3100,3200,3400,3500,3600,3600,3700,3700,3700,2517,0,2400,2524.764235974187,306.7936670004201,5262.640457999623,93.38379022646008
1788456997,64,POST,/predict,22.800000,0.000000,2700,2800,3100,3200,3400,3600,3700,3700,3700,3700,3700,2602,0,2400,2531.3521163962464,306.7936670004201,5262.640457999623,93.380476556495
1788456997,64,,Aggregated,22.800000,0.000000,2700,2800,3100,3200,3400,3600,3700,3700,3700,3700,3700,2602,0,2400,2531.3521163962464,306.7936670004201,5262.640457999623,93.380476556495
1788456998,64,POST,/predict,22.800000,0.000000,2700,2800,3100,3200,3400,3600,3700,3700,3700,3700,3700,2602,0,2400,2531.3521163962464,306.7936670004201,5262.640457999623,93.380476556495
1788456998,64,,Aggregated,22.800000,0.000000,2700,2800,3100,3200,3400,3600,3700,3700,3700,3700,3700,2602,0,2400,2531.3521163962464,306.7936670004201,5262.640457999623,93.380476556495
1788456999,64,POST,/predict,22.800000,0.000000,2700,2800,3100,3200,3400,3600,3700,3700,3700,3700,3700,2602,0,2400,2531.3521163962464,306.7936670004201,5262.640457999623,93.380476556495
1788456999,64,,Aggregated,22.800000,0.000000,2700,2800,3100,3200,3400,3600,3700,3700,3700,3700,3700,2602,0,2400,2531.3521163962464,306.7936670004201,5262.640457999623,93.380476556495
1788457000,64,POST,/predict,24.700000,0.000000,2600,2700,2900,3100,3400,3600,3700,3700,3700,3700,3700,2668,0,2400,2530.371738298364,306.7936670004201,5262.640457999623,93.38455772113943
1788457000,64,,Aggregated,24.700000,0.000000,2600,2700,2900,3100,3400,3600,3700,3700,3700,3700,3700,2668,0,2400,2530.371738298364,306.7936670004201,5262.640457999623,93.38455772113943
1788457001,64,POST,/predict,24.700000,0.000000,2600,2700,2900,3100,3400,3600,3700,3700,3700,3700,3700,2668,0,2400,2530.371738298364,306.7936670004201,5262.640457999623,93.38455772113943
1788457001,64,,Aggregated,24.700000,0.000000,2600,2700,2900,3100,3400,3600,3700,3700,3700,3700,3700,2668,0,2400,2530.371738298364,306.7936670004201,5262.640457999623,93.38455772113943
1788457002,64,POST,/predict,24.700000,0.000000,2600,2700,2900,3100,3400,3600,3700,3700,3700,3700,3700,2668,0,2400,2530.371738298364,306.7936670004201,5262.640457999623,93.38455772113943
1788457002,64,,Aggregated,24.700000,0.000000,2600,2700,2900,3100,3400,3600,3700,3700,3700,3700,3700,2668,0,2400,2530.371738298364,306.7936670004201,5262.640457999623,93.38455772113943
1788457003,64,POST,/predict,22.400000,0.000000,2800,3300,3400,3400,3500,3600,3700,3700,3700,3700,3700,2728,0,2400,2547.753373132712,306.7936670004201,5262.640457999623,93.38123167155425
1788457003,64,,Aggregated,22.400000,0.000000,2800,3300,3400,3400,3500,3600,3700,3700,3700,3700,3700,2728,0,2400,2547.753373132712,306.7936670004201,5262.640457999623,93.38123167155425
1788457004,64,POST,/predict,22.400000,0.000000,2800,3300,3400,3400,3500,3600,3700,3700,3700,3700,3700,2728,0,2400,2547.753373132712,306.7936670004201,5262.640457999623,93.38123167155425
1788457004,64,,Aggregated,22.400000,0.000000,2800,3300,3400,3400,3500,3600,3700,3700,3700,3700,3700,2728,0,2400,2547.753373132712,306.7936670004201,5262.640457999623,93.38123167155425
1788457005,64,POST,/predict,22.400000,0.000000,2800,3300,3400,3400,3500,3600,3700,3700,3700,3700,3700,2728,0,2400,2547.753373132712,306.7936670004201,5262.640457999623,93.38123167155425
1788457005,64,,Aggregated,22.400000,0.000000,2800,3300,3400,3400,3500,3600,3700,3700,3700,3700,3700,2728,0,2400,2547.753373132712,306.7936670004201,5262.640457999623,93.38123167155425
1788457006,64,POST,/predict,23.700000,0.000000,2700,2900,3200,3400,3400,3500,3500,3700,3700,3700,3700,2801,0,2400,2552.680434842569,306.7936670004201,5262.640457999623,93.38272045697965
1788457006,64,,Aggregated,23.700000,0.000000,2700,2900,3200,3400,3400,3500,3500,3700,3700,3700,3700,2801,0,2400,2552.680434842569,306.7936670004201,5262.640457999623,93.38272045697965
1788457007,64,POST,/predict,23.700000,0.000000,2700,2900,3200,3400,3400,3500,3500,3700,3700,3700,3700,2801,0,2400,2552.680434842569,306.7936670004201,5262.640457999623,93.38272045697965
1788457007,64,,Aggregated,23.700000,0.000000,2700,2900,3200,3400,3400,3500,3500,3700,3700,3700,3700,2801,0,2400,2552.680434842569,306.7936670004201,5262.640457999623,93.38272045697965
1788457008,64,POST,/predict,23.700000,0.000000,2700,2900,3200,3400,3400,3500,3500,3700,3700,3700,3700,2801,0,2400,2552.680434842569,306.7936670004201,5262.640457999623,93.38272045697965
1788457008,64,,Aggregated,23.700000,0.000000,2700,2900,3200,3400,3400,3500,3500,3700,3700,3700,3700,2801,0,2400,2552.680434842569,306.7936670004201,5262.640457999623,93.38272045697965
1788457009,64,POST,/predict,22.400000,0.000000,2800,2900,3200,3200,3400,3500,3500,3500,3500,3500,3500,2870,0,2400,2559.949604772137,306.7936670004201,5262.640457999623,93.3808362369338
1788457009,64,,Aggregated,22.400000,0.000000,2800,2900,3200,3200,3400,3500,3500,3500,3500,3500,3500,2870,0,2400,2559.949604772137,306.7936670004201,5262.640457999623,93.3808362369338
1788457010,64,POST,/predict,22.400000,0.000000,2800,2900,3200,3200,3400,3500,3500,3500,3500,3500,3500,2870,0,2400,2559.949604772137,306.7936670004201,5262.640457999623,93.3808362369338
1788457010,64,,Aggregated,22.400000,0.000000,2800,2900,3200,3200,3400,3500,3500,3500,3500,3500,3500,2870,0,2400,2559.949604772137,306.7936670004201,5262.640457999623,93.3808362369338
1788457011,64,POST,/predict,22.400000,0.000000,2800,2900,3200,3200,3400,3500,3500,3500,3500,3500,3500,2870,0,2400,2559.949604772137,306.7936670004201,5262.640457999623,93.3808362369338
1788457011,64,,Aggregated,22.400000,0.000000,2800,2900,3200,3200,3400,3500,3500,3500,3500,3500,3500,2870,0,2400,2559.949604772137,306.7936670004201,5262.640457999623,93.3808362369338
1788457012,64,POST,/predict,22.200000,0.000000,2700,2900,2900,3100,3400,3400,3500,3500,3500,3500,3500,2954,0,2400,2556.6620533138243,306.7936670004201,5262.640457999623,93.38117806364252
1788457012,64,,Aggregated,22.200000,0.000000,2700,2900,2900,3100,3400,3400,3500,3500,3500,3500,3500,2954,0,2400,2556.6620533138243,306.7936670004201,5262.640457999623,93.38117806364252
1788457013,64,POST,/predict,22.200000,0.000000,2700,2900,2900,3100,3400,3400,3500,3500,3500,3500,3500,2954,0,2400,2556.6620533138243,306.7936670004201,5262.640457999623,93.38117806364252
1788457013,64,,Aggregated,22.200000,0.000000,2700,2900,2900,3100,3400,3400,3500,3500,3500,3500,3500,2954,0,2400,2556.6620533138243,306.7936670004201,5262.640457999623,93.38117806364252
1788457014,64,POST,/predict,22.200000,0.000000,2700,2900,2900,3100,3400,3400,3500,3500,3500,3500,3500,2954,0,2400,2556.6620533138243,306.7936670004201,5262.640457999623,93.38117806364252
1788457014,64,,Aggregated,22.200000,0.000000,2700,2900,2900,3100,3400,3400,3500,3500,3500,3500,3500,2954,0,2400,2556.6620533138243,306.7936670004201,5262.640457999623,93.38117806364252
1788457015,64,POST,/predict,25.300000,0.000000,2500,2700,2800,2800,2900,3000,3200,3200,3200,3200,3200,3034,0,2400,2549.7396115227543,306.7936670004201,5262.640457999623,93.38101516150297
1788457015,64,,Aggregated,25.300000,0.000000,2500,2700,2800,2800,2900,3000,3200,3200,3200,3200,3200,3034,0,2400,2549.7396115227543,306.7936670004201,5262.640457999623,93.38101516150297
1788457016,64,POST,/predict,25.300000,0.000000,2500,2700,2800,2800,2900,3000,3200,3200,3200,3200,3200,3034,0,2400,2549.7396115227543,306.7936670004201,5262.640457999623,93.38101516150297
1788457016,64,,Aggregated,25.300000,0.000000,2500,2700,2800,2800,2900,3000,3200,3200,3200,3200,3200,3034,0,2400,2549.7396115227543,306.7936670004201,5262.640457999623,93.38101516150297
1788457017,64,POST,/predict,25.300000,0.000000,2500,2700,2800,2800,2900,3000,3200,3200,3200,3200,3200,3034,0,2400,2549.7396115227543,306.7936670004201,5262.640457999623,93.38101516150297
1788457017,64,,Aggregated,25.300000,0.000000,2500,2700,2800,2800,2900,3000,3200,3200,3200,3200,3200,3034,0,2400,2549.7396115227543,306.7936670004201,5262.640457999623,93.38101516150297
1788457018,64,POST,/predict,25.900000,0.000000,2300,2400,2600,2700,2800,2900,3000,3000,3000,3000,3000,3121,0,2400,2542.5217199183057,306.7936670004201,5262.640457999623,93.37776353732778
1788457018,64,,Aggregated,25.900000,0.000000,2300,2400,2600,2700,2800,2900,3000,3000,3000,3000,3000,3121,0,2400,2542.5217199183057,306.7936670004201,5262.640457999623,93.37776353732778
1788457019,64,POST,/predict,25.900000,0.000000,2300,2400,2600,2700,2800,2900,3000,3000,3000,3000,3000,3121,0,2400,2542.5217199183057,306.7936670004201,5262.640457999623,93.37776353732778
1788457019,64,,Aggregated,25.900000,0.000000,2300,2400,2600,2700,2800,2900,3000,3000,3000,3000,3000,3121,0,2400,2542.5217199183057,306.7936670004201,5262.640457999623,93.37776353732778
1788457020,64,POST,/predict,25.900000,0.000000,2300,2400,2600,2700,2800,2900,3000,3000,3000,3000,3000,3121,0,2400,2542.5217199183057,306.7936670004201,5262.640457999623,93.37776353732778
1788457020,64,,Aggregated,25.900000,0.000000,2300,2400,2600,2700,2800,2900,3000,3000,3000,3000,3000,3121,0,2400,2542.5217199183057,306.7936670004201,5262.640457999623,93.37776353732778
1788457021,64,POST,/predict,28.100000,0.000000,2300,2300,2300,2400,2400,2600,2700,2800,2800,2800,2800,3208,0,2400,2532.759993008115,306.7936670004201,5262.640457999623,93.37593516209476
1788457021,64,,Aggregated,28.100000,0.000000,2300,2300,2300,2400,2400,2600,2700,2800,2800,2800,2800,3208,0,2400,2532.759993008115,306.7936670004201,5262.640457999623,93.37593516209476
1788457022,64,POST,/predict,28.100000,0.000000,2300,2300,2300,2400,2400,2600,2700,2800,2800,2800,2800,3208,0,2400,2532.759993008115,306.7936670004201,5262.640457999623,93.37593516209476
1788457022,64,,Aggregated,28.100000,0.000000,2300,2300,2300,2400,2400,2600,2700,2800,2800,2800,2800,3208,0,2400,2532.759993008115,306.7936670004201,5262.640457999623,93.37593516209476
1788457023,64,POST,/predict,28.100000,0.000000,2300,2300,2300,2400,2400,2600,2700,2800,2800,2800,2800,3208,0,2400,2532.759993008115,306.7936670004201,5262.640457999623,93.37593516209476
1788457023,64,,Aggregated,28.100000,0.000000,2300,2300,2300,2400,2400,2600,2700,2800,2800,2800,2800,3208,0,2400,2532.759993008115,306.7936670004201,5262.640457999623,93.37593516209476
1788457024,64,POST,/predict,28.300000,0.000000,2200,2300,2300,2300,2400,2400,2400,2400,2400,2400,2400,3293,0,2400,2525.0861158372395,306.7936670004201,5262.640457999623,93.37594898269056
1788457024,64,,Aggregated,28.300000,0.000000,2200,2300,2300,2300,2400,2400,2400,2400,2400,2400,2400,3293,0,2400,2525.0861158372395,306.7936670004201,5262.640457999623,93.37594898269056
1788457025,64,POST,/predict,28.300000,0.000000,2200,2300,2300,2300,2400,2400,2400,2400,2400,2400,2400,3293,0,2400,2525.0861158372395,306.7936670004201,5262.640457999623,93.37594898269056
1788457025,64,,Aggregated,28.300000,0.000000,2200,2300,2300,2300,2400,2400,2400,2400,2400,2400,2400,3293,0,2400,2525.0861158372395,306.7936670004201,5262.640457999623,93.37594898269056
1788457026,64,POST,/predict,28.300000,0.000000,2200,2300,2300,2300,2400,2400,2400,2400,2400,2400,2400,3293,0,2400,2525.0861158372395,306.7936670004201,5262.640457999623,93.37594898269056
1788457026,64,,Aggregated,28.300000,0.000000,2200,2300,2300,2300,2400,2400,2400,2400,2400,2400,2400,3293,0,2400,2525.0861158372395,306.7936670004201,5262.640457999623,93.37594898269056
1788457027,64,POST,/predict,28.400000,0.000000,2200,2300,2300,2300,2400,2400,2400,2400,2400,2400,2400,3382,0,2300,2517.737827589305,306.7936670004201,5262.640457999623,93.37936132465997
1788457027,64,,Aggregated,28.400000,0.000000,2200,2300,2300,2300,2400,2400,2400,2400,2400,2400,2400,3382,0,2300,2517.737827589305,306.7936670004201,5262.640457999623,93.37936132465997
1788457028,64,POST,/predict,28.400000,0.000000,2200,2300,2300,2300,2400,2400,2400,2400,2400,2400,2400,3382,0,2300,2517.737827589305,306.7936670004201,5262.640457999623,93.37936132465997
1788457028,64,,Aggregated,28.400000,0.000000,2200,2300,2300,2300,2400,2400,2400,2400,2400,2400,2400,3382,0,2300,2517.737827589305,306.7936670004201,5262.640457999623,93.37936132465997
1788457029,64,POST,/predict,28.400000,0.000000,2200,2300,2300,2300,2400,2400,2400,2400,2400,2400,2400,3382,0,2300,2517.737827589305,306.7936670004201,5262.640457999623,93.37936132465997
1788457029,64,,Aggregated,28.400000,0.000000,2200,2300,2300,2300,2400,2400,2400,2400,2400,2400,2400,3382,0,2300,2517.737827589305,306.7936670004201,5262.640457999623,93.37936132465997
1788457030,64,POST,/predict,28.800000,0.000000,2200,2300,2300,2300,2300,2300,2400,2400,2400,2400,2400,3467,0,2300,2511.1395112345076,306.7936670004201,5262.640457999623,93.38044418805885
1788457030,64,,Aggregated,28.800000,0.000000,2200,2300,2300,2300,2300,2300,2400,2400,2400,2400,2400,3467,0,2300,2511.1395112345076,306.7936670004201,5262.640457999623,93.38044418805885
1788457031,64,POST,/predict,28.800000,0.000000,2200,2300,2300,2300,2300,2300,2400,2400,2400,2400,2400,3467,0,2300,2511.1395112345076,306.7936670004201,5262.640457999623,93.38044418805885
1788457031,64,,Aggregated,28.800000,0.000000,2200,2300,2300,2300,2300,2300,2400,2400,2400,2400,2400,3467,0,2300,2511.1395112345076,306.7936670004201,5262.640457999623,93.38044418805885
1788457032,64,POST,/predict,28.800000,0.000000,2200,2300,2300,2300,2300,2300,2400,2400,2400,2400,2400,3467,0,2300,2511.1395112345076,306.7936670004201,5262.640457999623,93.38044418805885
1788457032,64,,Aggregated,28.800000,0.000000,2200,2300,2300,2300,2300,2300,2400,2400,2400,2400,2400,3467,0,2300,2511.1395112345076,306.7936670004201,5262.640457999623,93.38044418805885
1788457033,64,POST,/predict,28.800000,0.000000,2200,2300,2300,2300,2300,2300,2400,2400,2400,2400,2400,3558,0,2300,2500.8628988507694,306.7936670004201,5262.640457999623,93.38251826869028
1788457033,64,,Aggregated,28.800000,0.000000,2200,2300,2300,2300,2300,2300,2400,2400,2400,2400,2400,3558,0,2300,2500.8628988507694,306.7936670004201,5262.640457999623,93.38251826869028
1788457034,64,POST,/predict,28.800000,0.000000,2200,2300,2300,2300,2300,2300,2400,2400,2400,2400,2400,3558,0,2300,2500.8628988507694,306.7936670004201,5262.640457999623,93.38251826869028
1788457034,64,,Aggregated,28.800000,0.000000,2200,2300,2300,2300,2300,2300,2400,2400,2400,2400,2400,3558,0,2300,2500.8628988507694,306.7936670004201,5262.640457999623,93.38251826869028
1788457035,64,POST,/predict,28.800000,0.000000,2200,2300,2300,2300,2300,2300,2400,2400,2400,2400,2400,3558,0,2300,2500.8628988507694,306.7936670004201,5262.640457999623,93.38251826869028
1788457035,64,,Aggregated,28.800000,0.000000,2200,2300,2300,2300,2300,2300,2400,2400,2400,2400,2400,3558,0,2300,2500.8628988507694,306.7936670004201,5262.640457999623,93.38251826869028
1788457036,64,POST,/predict,29.400000,0.000000,2200,2200,2200,2300,2300,2300,2400,2400,2400,2400,2400,3648,0,2300,2491.738895487399,306.7936670004201,5262.640457999623,93.38706140350877
1788457036,64,,Aggregated,29.400000,0.000000,2200,2200,2200,2300,2300,2300,2400,2400,2400,2400,2400,3648,0,2300,2491.738895487399,306.7936670004201,5262.640457999623,93.38706140350877
1788457037,64,POST,/predict,29.400000,0.000000,2200,2200,2200,2300,2300,2300,2400,2400,2400,2400,2400,3648,0,2300,2491.738895487399,306.7936670004201,5262.640457999623,93.38706140350877
1788457037,64,,Aggregated,29.400000,0.000000,2200,2200,2200,2300,2300,2300,2400,2400,2400,2400,2400,3648,0,2300,2491.738895487399,306.7936670004201,5262.640457999623,93.38706140350877
1788457038,64,POST,/predict,29.400000,0.000000,2200,2200,2200,2300,2300,2300,2400,2400,2400,2400,2400,3648,0,2300,2491.738895487399,306.7936670004201,5262.640457999623,93.38706140350877
1788457038,64,,Aggregated,29.400000,0.000000,2200,2200,2200,2300,2300,2300,2400,2400,2400,2400,2400,3648,0,2300,2491.738895487399,306.7936670004201,5262.640457999623,93.38706140350877
1788457039,64,POST,/predict,29.700000,0.000000,2100,2200,2200,2200,2300,2300,2300,2300,2300,2300,2300,3733,0,2300,2484.3718360562643,306.7936670004201,5262.640457999623,93.38628448968657
1788457039,64,,Aggregated,29.700000,0.000000,2100,2200,2200,2200,2300,2300,2300,2300,2300,2300,2300,3733,0,2300,2484.3718360562643,306.7936670004201,5262.640457999623,93.38628448968657
1788457040,64,POST,/predict,29.700000,0.000000,2100,2200,2200,2200,2300,2300,2300,2300,2300,2300,2300,3733,0,2300,2484.3718360562643,306.7936670004201,5262.640457999623,93.38628448968657
1788457040,64,,Aggregated,29.700000,0.000000,2100,2200,2200,2200,2300,2300,2300,2300,2300,2300,2300,3733,0,2300,2484.3718360562643,306.7936670004201,5262.640457999623,93.38628448968657
1788457041,64,POST,/predict,29.700000,0.000000,2100,2200,2200,2200,2300,2300,2300,2300,2300,2300,2300,3733,0,2300,2484.3718360562643,306.7936670004201,5262.640457999623,93.38628448968657
1788457041,64,,Aggregated,29.700000,0.000000,2100,2200,2200,2200,2300,2300,2300,2300,2300,2300,2300,3733,0,2300,2484.3718360562643,306.7936670004201,5262.640457999623,93.38628448968657
1788457042,64,POST,/predict,29.600000,0.000000,2100,2100,2200,2200,2300,2300,2400,2400,2400,2400,2400,3830,0,2300,2475.7454188211586,306.7936670004201,5262.640457999623,93.3845953002611
1788457042,64,,Aggregated,29.600000,0.000000,2100,2100,2200,2200,2300,2300,2400,2400,2400,2400,2400,3830,0,2300,2475.7454188211586,306.7936670004201,5262.640457999623,93.3845953002611
1788457043,64,POST,/predict,29.600000,0.000000,2100,2100,2200,2200,2300,2300,2400,2400,2400,2400,2400,3830,0,2300,2475.7454188211586,306.7936670004201,5262.640457999623,93.3845953002611
1788457043,64,,Aggregated,29.600000,0.000000,2100,2100,2200,2200,2300,2300,2400,2400,2400,2400,2400,3830,0,2300,2475.7454188211586,306.7936670004201,5262.640457999623,93.3845953002611
1788457044,64,POST,/predict,29.600000,0.000000,2100,2100,2200,2200,2300,2300,2400,2400,2400,2400,2400,3830,0,2300,2475.7454188211586,306.7936670004201,5262.640457999623,93.3845953002611
1788457044,64,,Aggregated,29.600000,0.000000,2100,2100,2200,2200,2300,2300,2400,2400,2400,2400,2400,3830,0,2300,2475.7454188211586,306.7936670004201,5262.640457999623,93.3845953002611
1788457045,64,POST,/predict,30.200000,0.000000,2100,2100,2100,2200,2300,2300,2400,2400,2400,2400,2400,3922,0,2300,2464.9419581718603,306.7936670004201,5262.640457999623,93.38908720040796
1788457045,64,,Aggregated,30.200000,0.000000,2100,2100,2100,2200,2300,2300,2400,2400,2400,2400,2400,3922,0,2300,2464.9419581718603,306.7936670004201,5262.640457999623,93.38908720040796
1788457046,64,POST,/predict,30.200000,0.000000,2100,2100,2100,2200,2300,2300,2400,2400,2400,2400,2400,3922,0,2300,2464.9419581718603,306.7936670004201,5262.640457999623,93.38908720040796
1788457046,64,,Aggregated,30.200000,0.000000,2100,2100,2100,2200,2300,2300,2400,2400,2400,2400,2400,3922,0,2300,2464.9419581718603,306.7936670004201,5262.640457999623,93.38908720040796
1788457047,64,POST,/predict,30.200000,0.000000,2100,2100,2100,2200,2300,2300,2400,2400,2400,2400,2400,3922,0,2300,2464.9419581718603,306.7936670004201,5262.640457999623,93.38908720040796
1788457047,64,,Aggregated,30.200000,0.000000,2100,2100,2100,2200,2300,2300,2400,2400,2400,2400,2400,3922,0,2300,2464.9419581718603,306.7936670004201,5262.640457999623,93.38908720040796
1788457048,64,POST,/predict,30.500000,0.000000,2100,2100,2100,2100,2300,2300,2400,2400,2400,2400,2400,4010,0,2300,2456.106758412975,306.7936670004201,5262.640457999623,93.38977556109725
1788457048,64,,Aggregated,30.500000,0.000000,2100,2100,2100,2100,2300,2300,2400,2400,2400,2400,2400,4010,0,2300,2456.106758412975,306.7936670004201,5262.640457999623,93.38977556109725
1788457049,64,POST,/predict,30.500000,0.000000,2100,2100,2100,2100,2300,2300,2400,2400,2400,2400,2400,4010,0,2300,2456.106758412975,306.7936670004201,5262.640457999623,93.38977556109725
1788457049,64,,Aggregated,30.500000,0.000000,2100,2100,2100,2100,2300,2300,2400,2400,2400,2400,2400,4010,0,2300,2456.106758412975,306.7936670004201,5262.640457999623,93.38977556109725
1788457050,64,POST,/predict,30.500000,0.000000,2100,2100,2100,2100,2300,2300,2400,2400,2400,2400,2400,4010,0,2300,2456.106758412975,306.7936670004201,5262.640457999623,93.38977556109725
1788457050,64,,Aggregated,30.500000,0.000000,2100,2100,2100,2100,2300,2300,2400,2400,2400,2400,2400,4010,0,2300,2456.106758412975,306.7936670004201,5262.640457999623,93.38977556109725
1788457051,64,POST,/predict,30.800000,0.000000,2100,2100,2200,2200,2200,2300,2400,2400,2400,2400,2400,4108,0,2300,2447.8727586799,306.7936670004201,5262.640457999623,93.39167478091528
1788457051,64,,Aggregated,30.800000,0.000000,2100,2100,2200,2200,2200,2300,2400,2400,2400,2400,2400,4108,0,2300,2447.8727586799,306.7936670004201,5262.640457999623,93.39167478091528
1788457052,64,POST,/predict,30.800000,0.000000,2100,2100,2200,2200,2200,2300,2400,2400,2400,2400,2400,4108,0,2300,2447.8727586799,306.7936670004201,5262.640457999623,93.39167478091528
1788457052,64,,Aggregated,30.800000,0.000000,2100,2100,2200,2200,2200,2300,2400,2400,2400,2400,2400,4108,0,2300,2447.8727586799,306.7936670004201,5262.640457999623,93.39167478091528
1788457053,64,POST,/predict,30.800000,0.000000,2100,2100,2200,2200,2200,2300,2400,2400,2400,2400,2400,4108,0,2300,2447.8727586799,306.7936670004201,5262.640457999623,93.39167478091528
1788457053,64,,Aggregated,30.800000,0.000000,2100,2100,2200,2200,2200,2300,2400,2400,2400,2400,2400,4108,0,2300,2447.8727586799,306.7936670004201,5262.640457999623,93.39167478091528
1788457054,64,POST,/predict,31.100000,0.000000,2100,2100,2200,2200,2200,2200,2300,2400,2400,2400,2400,4192,0,2300,2440.5299343168,306.7936670004201,5262.640457999623,93.39312977099236
1788457054,64,,Aggregated,31.100000,0.000000,2100,2100,2200,2200,2200,2200,2300,2400,2400,2400,2400,4192,0,2300,2440.5299343168,306.7936670004201,5262.640457999623,93.39312977099236
1788457055,64,POST,/predict,31.100000,0.000000,2100,2100,2200,2200,2200,2200,2300,2400,2400,2400,2400,4192,0,2300,2440.5299343168,306.7936670004201,5262.640457999623,93.39312977099236
1788457055,64,,Aggregated,31.100000,0.000000,2100,2100,2200,2200,2200,2200,2300,2400,2400,2400,2400,4192,0,2300,2440.5299343168,306.7936670004201,5262.640457999623,93.39312977099236
1788457056,64,POST,/predict,31.100000,0.000000,2100,2100,2200,2200,2200,2200,2300,2400,2400,2400,2400,4192,0,2300,2440.5299343168,306.7936670004201,5262.640457999623,93.39312977099236
1788457056,64,,Aggregated,31.100000,0.000000,2100,2100,2200,2200,2200,2200,2300,2400,2400,2400,2400,4192,0,2300,2440.5299343168,306.7936670004201,5262.640457999623,93.39312977099236
1788457057,64,POST,/predict,29.800000,0.000000,2100,2200,2200,2200,2400,2400,2400,2500,2500,2500,2500,4283,0,2300,2436.648391428209,306.7936670004201,5262.640457999623,93.39178146159234
1788457057,64,,Aggregated,29.800000,0.000000,2100,2200,2200,2200,2400,2400,2400,2500,2500,2500,2500,4283,0,2300,2436.648391428209,306.7936670004201,5262.640457999623,93.39178146159234
1788457058,64,POST,/predict,29.800000,0.000000,2100,2200,2200,2200,2400,2400,2400,2500,2500,2500,2500,4283,0,2300,2436.648391428209,306.7936670004201,5262.640457999623,93.39178146159234
1788457058,64,,Aggregated,29.800000,0.000000,2100,2200,2200,2200,2400,2400,2400,2500,2500,2500,2500,4283,0,2300,2436.648391428209,306.7936670004201,5262.640457999623,93.39178146159234
1788457059,64,POST,/predict,29.800000,0.000000,2100,2200,2200,2200,2400,2400,2400,2500,2500,2500,2500,4283,0,2300,2436.648391428209,306.7936670004201,5262.640457999623,93.39178146159234
1788457059,64,,Aggregated,29.800000,0.000000,2100,2200,2200,2200,2400,2400,2400,2500,2500,2500,2500,4283,0,2300,2436.648391428209,306.7936670004201,5262.640457999623,93.39178146159234
1788457060,64,POST,/predict,29.800000,0.000000,2100,2200,2200,2200,2400,2400,2400,2500,2500,2500,2500,4374,0,2300,2430.006047607916,306.7936670004201,5262.640457999623,93.39186099679927
1788457060,64,,Aggregated,29.800000,0.000000,2100,2200,2200,2200,2400,2400,2400,2500,2500,2500,2500,4374,0,2300,2430.006047607916,306.7936670004201,5262.640457999623,93.39186099679927
1788457061,64,POST,/predict,29.800000,0.000000,2100,2200,2200,2200,2400,2400,2400,2500,2500,2500,2500,4374,0,2300,2430.006047607916,306.7936670004201,5262.640457999623,93.39186099679927
1788457061,64,,Aggregated,29.800000,0.000000,2100,2200,2200,2200,2400,2400,2400,2500,2500,2500,2500,4374,0,2300,2430.006047607916,306.7936670004201,5262.640457999623,93.39186099679927
1788457062,64,POST,/predict,29.800000,0.000000,2100,2200,2200,2200,2400,2400,2400,2500,2500,2500,2500,4374,0,2300,2430.006047607916,306.7936670004201,5262.640457999623,93.39186099679927
1788457062,64,,Aggregated,29.800000,0.000000,2100,2200,2200,2200,2400,2400,2400,2500,2500,2500,2500,4374,0,2300,2430.006047607916,306.7936670004201,5262.640457999623,93.39186099679927
1788457063,64,POST,/predict,29.800000,0.000000,2100,2100,2200,2200,2400,2400,2400,2500,2500,2500,2500,4470,0,2300,2421.2923385865824,306.7936670004201,5262.640457999623,93.39619686800894
1788457063,64,,Aggregated,29.800000,0.000000,2100,2100,2200,2200,2400,2400,2400,2500,2500,2500,2500,4470,0,2300,2421.2923385865824,306.7936670004201,5262.640457999623,93.39619686800894
1788457064,64,POST,/predict,29.800000,0.000000,2100,2100,2200,2200,2400,2400,2400,2500,2500,2500,2500,4470,0,2300,2421.2923385865824,306.7936670004201,5262.640457999623,93.39619686800894
1788457064,64,,Aggregated,29.800000,0.000000,2100,2100,2200,2200,2400,2400,2400,2500,2500,2500,2500,4470,0,2300,2421.2923385865824,306.7936670004201,5262.640457999623,93.39619686800894
1788457065,64,POST,/predict,29.800000,0.000000,2100,2100,2200,2200,2400,2400,2400,2500,2500,2500,2500,4470,0,2300,2421.2923385865824,306.7936670004201,5262.640457999623,93.39619686800894
1788457065,64,,Aggregated,29.800000,0.000000,2100,2100,2200,2200,2400,2400,2400,2500,2500,2500,2500,4470,0,2300,2421.2923385865824,306.7936670004201,5262.640457999623,93.39619686800894
1788457066,64,POST,/predict,30.400000,0.000000,2100,2100,2200,2200,2400,2900,3000,3000,3000,3000,3000,4534,0,2300,2419.8730330617605,306.7936670004201,5262.640457999623,93.39766210851346
1788457066,64,,Aggregated,30.400000,0.000000,2100,2100,2200,2200,2400,2900,3000,3000,3000,3000,3000,4534,0,2300,2419.8730330617605,306.7936670004201,5262.640457999623,93.39766210851346
1788457067,64,POST,/predict,30.400000,0.000000,2100,2100,2200,2200,2400,2900,3000,3000,3000,3000,3000,4534,0,2300,2419.8730330617605,306.7936670004201,5262.640457999623,93.39766210851346
1788457067,64,,Aggregated,30.400000,0.000000,2100,2100,2200,2200,2400,2900,3000,3000,3000,3000,3000,4534,0,2300,2419.8730330617605,306.7936670004201,5262.640457999623,93.39766210851346
1788457068,64,POST,/predict,30.400000,0.000000,2100,2100,2200,2200,2400,2900,3000,3000,3000,3000,3000,4534,0,2300,2419.8730330617605,306.7936670004201,5262.640457999623,93.39766210851346
1788457068,64,,Aggregated,30.400000,0.000000,2100,2100,2200,2200,2400,2900,3000,3000,3000,3000,3000,4534,0,2300,2419.8730330617605,306.7936670004201,5262.640457999623,93.39766210851346
1788457069,64,POST,/predict,27.800000,0.000000,2100,2200,2700,2900,3100,3100,3100,3100,3100,3100,3100,4606,0,2300,2427.605571371259,306.7936670004201,5262.640457999623,93.3966565349544
1788457069,64,,Aggregated,27.800000,0.000000,2100,2200,2700,2900,3100,3100,3100,3100,3100,3100,3100,4606,0,2300,2427.605571371259,306.7936670004201,5262.640457999623,93.3966565349544
1788457070,64,POST,/predict,27.800000,0.000000,2100,2200,2700,2900,3100,3100,3100,3100,3100,3100,3100,4606,0,2300,2427.605571371259,306.7936670004201,5262.640457999623,93.3966565349544
1788457070,64,,Aggregated,27.800000,0.000000,2100,2200,2700,2900,3100,3100,3100,3100,3100,3100,3100,4606,0,2300,2427.605571371259,306.7936670004201,5262.640457999623,93.3966565349544
1788457071,64,POST,/predict,27.800000,0.000000,2100,2200,2700,2900,3100,3100,3100,3100,3100,3100,3100,4606,0,2300,2427.605571371259,306.7936670004201,5262.640457999623,93.3966565349544
1788457071,64,,Aggregated,27.800000,0.000000,2100,2200,2700,2900,3100,3100,3100,3100,3100,3100,3100,4606,0,2300,2427.605571371259,306.7936670004201,5262.640457999623,93.3966565349544
1788457072,64,POST,/predict,26.000000,0.000000,2300,2700,2800,2900,3100,3100,3100,3100,3100,3100,3100,4693,0,2300,2428.724392282978,306.7936670004201,5262.640457999623,93.39676113360323
1788457072,64,,Aggregated,26.000000,0.000000,2300,2700,2800,2900,3100,3100,3100,3100,3100,3100,3100,4693,0,2300,2428.724392282978,306.7936670004201,5262.640457999623,93.39676113360323
1788457073,0,POST,/predict,25.700000,0.000000,2300,2700,2700,2800,3100,3100,3100,3100,3100,3100,3100,4715,0,2300,2427.265611290353,306.7936670004201,5262.640457999623,93.39597030752917
1788457073,0,,Aggregated,25.700000,0.000000,2300,2700,2700,2800,3100,3100,3100,3100,3100,3100,3100,4715,0,2300,2427.265611290353,306.7936670004201,5262.640457999623,93.39597030752917
